{"meta":{"version":1,"warehouse":"5.0.1"},"models":{"Asset":[{"_id":"themes/butterfly/source/css/index.styl","path":"css/index.styl","modified":0,"renderable":1},{"_id":"themes/butterfly/source/css/var.styl","path":"css/var.styl","modified":0,"renderable":1},{"_id":"themes/butterfly/source/images/gzr1.jpg","path":"images/gzr1.jpg","modified":0,"renderable":1},{"_id":"themes/butterfly/source/images/gzr2.jpg","path":"images/gzr2.jpg","modified":0,"renderable":1},{"_id":"themes/butterfly/source/images/logo.png","path":"images/logo.png","modified":0,"renderable":1},{"_id":"themes/butterfly/source/images/tx.jpg","path":"images/tx.jpg","modified":0,"renderable":1},{"_id":"themes/butterfly/source/img/404.jpg","path":"img/404.jpg","modified":0,"renderable":1},{"_id":"themes/butterfly/source/img/butterfly-icon.png","path":"img/butterfly-icon.png","modified":0,"renderable":1},{"_id":"themes/butterfly/source/img/error-page.png","path":"img/error-page.png","modified":0,"renderable":1},{"_id":"themes/butterfly/source/img/favicon.ico","path":"img/favicon.ico","modified":0,"renderable":1},{"_id":"themes/butterfly/source/img/friend_404.gif","path":"img/friend_404.gif","modified":0,"renderable":1},{"_id":"themes/butterfly/source/js/main.js","path":"js/main.js","modified":0,"renderable":1},{"_id":"themes/butterfly/source/js/tw_cn.js","path":"js/tw_cn.js","modified":0,"renderable":1},{"_id":"themes/butterfly/source/js/utils.js","path":"js/utils.js","modified":0,"renderable":1},{"_id":"themes/butterfly/source/js/search/algolia.js","path":"js/search/algolia.js","modified":0,"renderable":1},{"_id":"themes/butterfly/source/js/search/local-search.js","path":"js/search/local-search.js","modified":0,"renderable":1}],"Cache":[{"_id":"source/_posts/hello-world.md","hash":"43048b32d22a81b9f45dbb0b41d6e63a30ed1398","modified":1732215412741},{"_id":"source/_posts/liquan.md","hash":"c1ccc11582b6ac4b96ecef0581e9c05b32c81257","modified":1732215420380},{"_id":"themes/butterfly/LICENSE","hash":"c8bc7df08db9dd3b39c2c2259a163a36cf2f6808","modified":1732206584291},{"_id":"themes/butterfly/README.md","hash":"e1b9096ae0c4e5ef0a911aec05dbad4a3aae3173","modified":1732206584291},{"_id":"themes/butterfly/README_CN.md","hash":"92e45255b8725f0a00450c88fcfd51ec61e1db67","modified":1732206584291},{"_id":"themes/butterfly/_config.yml","hash":"97cafd081ecdbf95389add9ca6b21fca4dd619a0","modified":1732206584291},{"_id":"themes/butterfly/package.json","hash":"6df1f4e2d4c0c0d880999567047a6ac32e2187ed","modified":1732206584319},{"_id":"themes/butterfly/plugins.yml","hash":"57465c575023aff18384a17b620be9d79edb13a5","modified":1732206584319},{"_id":"themes/butterfly/.github/FUNDING.yml","hash":"3b572099a992e30267f5fe4cd3c582ff7ac9f083","modified":1732206584290},{"_id":"themes/butterfly/languages/en.yml","hash":"a2c938b1ef69195aec10c90dc7d1871953548e01","modified":1732206584293},{"_id":"themes/butterfly/languages/ja.yml","hash":"a281d3cc3e117e90597b783dc5569dba3976d2eb","modified":1732206584293},{"_id":"themes/butterfly/languages/default.yml","hash":"a2c938b1ef69195aec10c90dc7d1871953548e01","modified":1732206584293},{"_id":"themes/butterfly/languages/ko.yml","hash":"c7d861c58f204f47a5b4d6e118e1f1e8fb8a852f","modified":1732206584293},{"_id":"themes/butterfly/languages/zh-HK.yml","hash":"bac3063ad2892be232f7d91361c28585a3cc7eb5","modified":1732206584293},{"_id":"themes/butterfly/languages/zh-CN.yml","hash":"e0bf36edf18cf3380b900be7528b536252990c26","modified":1732206584293},{"_id":"themes/butterfly/languages/zh-TW.yml","hash":"bd7ee35aa30964493d2729ef105bb86331b096c3","modified":1732206584293},{"_id":"themes/butterfly/layout/archive.pug","hash":"bc77220dfc269b8faad0930e1a4142ebf68165e5","modified":1732206584293},{"_id":"themes/butterfly/layout/index.pug","hash":"a93004cc8ec8050df603d32a6e6e02cd96fd9875","modified":1732206584316},{"_id":"themes/butterfly/layout/category.pug","hash":"a7e9805a781e34e38d27462e6ce2a5821c34bb9f","modified":1732206584293},{"_id":"themes/butterfly/layout/post.pug","hash":"747dd6bda1b33268017e81beea9ed0035d5e628b","modified":1732206584316},{"_id":"themes/butterfly/layout/page.pug","hash":"c839d8ae0d801ff21425fc6358d83e7995c0b221","modified":1732206584316},{"_id":"themes/butterfly/.github/ISSUE_TEMPLATE/bug_report.yml","hash":"10ce05c8dbde09f53bdabe40b5388de9ccc71a31","modified":1732206584290},{"_id":"themes/butterfly/layout/tag.pug","hash":"ca5333bd262cb58c195c844b593a0eed0c721766","modified":1732206584319},{"_id":"themes/butterfly/.github/ISSUE_TEMPLATE/config.yml","hash":"63ad2249ad09fb3fe21bd5ff9adefb304a7ab24a","modified":1732206584290},{"_id":"themes/butterfly/.github/ISSUE_TEMPLATE/feature_request.yml","hash":"6e0f9470b18bd37d4891282ac73d61676b040e8c","modified":1732206584291},{"_id":"themes/butterfly/.github/workflows/stale.yml","hash":"4040c76547e270aaf184e9b219a44ca41bbb1b9f","modified":1732206584291},{"_id":"themes/butterfly/.github/workflows/publish.yml","hash":"e320b40c051bae1549156cd5ea4a51383cf78598","modified":1732206584291},{"_id":"themes/butterfly/layout/includes/additional-js.pug","hash":"ad476b3008fcf743e179131c8e2ad3e222099d4f","modified":1732206584293},{"_id":"themes/butterfly/layout/includes/footer.pug","hash":"47b117c1fb42ba6ca022655969f8d846609fc511","modified":1732206584293},{"_id":"themes/butterfly/layout/includes/layout.pug","hash":"f5c0404d2cda63bc3226a6763cf72093ea733b22","modified":1732214765011},{"_id":"themes/butterfly/layout/includes/head.pug","hash":"91bf802af38c9b487ea848586f19469bec95ed65","modified":1732206584293},{"_id":"themes/butterfly/layout/includes/pagination.pug","hash":"10d834891758e25becb005fd69ef2bb602c6ea79","modified":1732206584299},{"_id":"themes/butterfly/layout/includes/rightside.pug","hash":"bc56ddf975b6dc0c0155f0fe669ad9d285b26292","modified":1732206584302},{"_id":"themes/butterfly/source/css/index.styl","hash":"b13d96924a5534bff91d75566b196ac87b4fac22","modified":1732206584337},{"_id":"themes/butterfly/layout/includes/sidebar.pug","hash":"f28e1f91551a855c1f0deadf9d9293c46731f8ea","modified":1732206584302},{"_id":"themes/butterfly/source/css/var.styl","hash":"a5b7497ca871742070cf16b09706c9e9cf27ec2d","modified":1732206584337},{"_id":"themes/butterfly/source/img/404.jpg","hash":"fb4489bc1d30c93d28f7332158c1c6c1416148de","modified":1732206584337},{"_id":"themes/butterfly/source/images/tx.jpg","hash":"72a718d92dc014c411f9c56701c836865ab9ceb5","modified":1732210833017},{"_id":"themes/butterfly/source/img/error-page.png","hash":"d2519710498a871ca3e913c57e2ba20a805b6430","modified":1732206584341},{"_id":"themes/butterfly/source/img/favicon.ico","hash":"455ac256580bf31a45813dbbdb87219bfc8bfb04","modified":1732206584341},{"_id":"themes/butterfly/source/img/friend_404.gif","hash":"8d2d0ebef70a8eb07329f57e645889b0e420fa48","modified":1732206584344},{"_id":"themes/butterfly/source/js/tw_cn.js","hash":"fdb5482d04a75bd79946ad1ed291d281d0e9362d","modified":1732206584344},{"_id":"themes/butterfly/source/js/main.js","hash":"110f2787fa3906aff505a88efd38a5e85f7a9e34","modified":1732206584344},{"_id":"themes/butterfly/source/js/utils.js","hash":"48637ad8e405306772b93837f33400bde1055819","modified":1732206584344},{"_id":"themes/butterfly/scripts/common/postDesc.js","hash":"272613a71d16f0de6dac883be4839259f774be76","modified":1732206584319},{"_id":"themes/butterfly/scripts/events/404.js","hash":"039fc75f363d79669b0b2177d929cdff6f2ef7a4","modified":1732206584319},{"_id":"themes/butterfly/scripts/events/cdn.js","hash":"7864ba45716c51aef8d8b04fd4bc212e0008ce3b","modified":1732206584319},{"_id":"themes/butterfly/scripts/events/init.js","hash":"ce68e84a9ccfcf91100befbaa9afc392a0cd93bb","modified":1732206584319},{"_id":"themes/butterfly/scripts/events/comment.js","hash":"7b1b16e1e8e08245a345764616956be50487eb53","modified":1732206584319},{"_id":"themes/butterfly/scripts/events/merge_config.js","hash":"bdf52595cb8b9f7f7d2e079ab3d05e218e70909f","modified":1732206584319},{"_id":"themes/butterfly/scripts/events/welcome.js","hash":"f59e10305fef59ea3e62a7395106c0927582879d","modified":1732206584319},{"_id":"themes/butterfly/scripts/events/stylus.js","hash":"bac639c404588ea62e601ef0bcd368c3bd0119af","modified":1732206584319},{"_id":"themes/butterfly/scripts/filters/random_cover.js","hash":"fb46e1e2c47d611d5cd5415e9e97e57c119c102e","modified":1732206584319},{"_id":"themes/butterfly/scripts/tag/button.js","hash":"2f44e1b3ccd170b256eae178299d6fa933a8d490","modified":1732206584322},{"_id":"themes/butterfly/scripts/filters/post_lazyload.js","hash":"5ed2d7ef240c927fe1b7a7fb5bf9e55e2bfd55a5","modified":1732206584319},{"_id":"themes/butterfly/scripts/tag/chartjs.js","hash":"195ba802d7e8406c155124a9c939a2318f82938b","modified":1732206584322},{"_id":"themes/butterfly/scripts/tag/flink.js","hash":"25eefe10189caf3910a0e5d5b2f2043ae9255531","modified":1732206584322},{"_id":"themes/butterfly/scripts/tag/gallery.js","hash":"3aeda1e8ce2e2e29ab106b4d5140a07026a7411a","modified":1732206584322},{"_id":"themes/butterfly/scripts/tag/hide.js","hash":"5d08c3552f7d3c80a724ca628bff66321abe2e5a","modified":1732206584322},{"_id":"themes/butterfly/scripts/tag/label.js","hash":"cf0bc17d0180231167cc6aa8a00fc64f198cb9f9","modified":1732206584325},{"_id":"themes/butterfly/scripts/tag/inlineImg.js","hash":"c863d2732ce4bdc084f2d0db92f50f80328c1007","modified":1732206584325},{"_id":"themes/butterfly/scripts/tag/note.js","hash":"e68d8d21f3a86e3646907a3685550ee20e8d4a9f","modified":1732206584325},{"_id":"themes/butterfly/scripts/tag/score.js","hash":"35d54adc92e717cc32e13515122b025fd1a98ea2","modified":1732206584325},{"_id":"themes/butterfly/scripts/tag/mermaid.js","hash":"289f85847c58f0b2b7d98a68e370a2896edb8949","modified":1732206584325},{"_id":"themes/butterfly/scripts/tag/tabs.js","hash":"3c486b149e28edd1a06843f05a5c355000991b82","modified":1732206584325},{"_id":"themes/butterfly/scripts/tag/series.js","hash":"40bc9a065e3a1423e0e66f4911e00713ca9f5e9e","modified":1732206584325},{"_id":"themes/butterfly/scripts/tag/timeline.js","hash":"514b7df58d1197a9224dc8981cbb9a4a9a6429b5","modified":1732206584325},{"_id":"themes/butterfly/scripts/helpers/aside_archives.js","hash":"7a293094ced8b8b73611929962d8974367a6d2d9","modified":1732206584322},{"_id":"themes/butterfly/scripts/helpers/aside_categories.js","hash":"0cdf781a8c14d7b50d309e69f282ec7b178804bb","modified":1732206584322},{"_id":"themes/butterfly/scripts/helpers/page.js","hash":"1c0ff289b44e7a65848c6f28b89bf020186eee11","modified":1732206584322},{"_id":"themes/butterfly/scripts/helpers/getArchiveLength.js","hash":"bf77635e920eaf52bceebc95f87c7c87a7ca8038","modified":1732206584322},{"_id":"themes/butterfly/scripts/helpers/inject_head_js.js","hash":"088493dca2a157b49d232db482ef916207240b46","modified":1732206584322},{"_id":"themes/butterfly/scripts/helpers/related_post.js","hash":"950b7d0966429bf0f9e6c5e1161e50e545e320b4","modified":1732206584322},{"_id":"themes/butterfly/scripts/helpers/series.js","hash":"45367c4ce827329867dbcc750ec125da9ccb2cfd","modified":1732206584322},{"_id":"themes/butterfly/layout/includes/head/analytics.pug","hash":"f3e0cf1e7f889f622338870b24b790e55de8d44e","modified":1732206584296},{"_id":"themes/butterfly/layout/includes/head/Open_Graph.pug","hash":"940a4c2472924237055a34a51606c8b49cd51a21","modified":1732206584296},{"_id":"themes/butterfly/layout/includes/head/google_adsense.pug","hash":"f29123e603cbbcc6ce277d4e8f600ba67498077c","modified":1732206584296},{"_id":"themes/butterfly/layout/includes/head/config.pug","hash":"9b8a1d2715a0eee3c907212792155ad5946ccf12","modified":1732206584296},{"_id":"themes/butterfly/layout/includes/head/config_site.pug","hash":"1d586ac035ca9497ed12c2cfa47e977678378d08","modified":1732206584296},{"_id":"themes/butterfly/layout/includes/head/preconnect.pug","hash":"a7c929b90ae52b78b39b1728e3ab0e3db1cb7b9a","modified":1732206584296},{"_id":"themes/butterfly/layout/includes/head/site_verification.pug","hash":"5168caadc4cf541f5d6676a9c5e8ae47a948f9ad","modified":1732206584296},{"_id":"themes/butterfly/layout/includes/head/pwa.pug","hash":"83ed05ef1e39f2ee70c3fba2cf96e488d8ffec66","modified":1732206584296},{"_id":"themes/butterfly/layout/includes/head/structured_data.pug","hash":"1b83ae33961528f128596753fd05067c672d6bff","modified":1732206584296},{"_id":"themes/butterfly/layout/includes/header/menu_item.pug","hash":"733184f88e3a586a5fcc9d193ad500556b6c8eed","modified":1732206584296},{"_id":"themes/butterfly/layout/includes/header/social.pug","hash":"e2d31e0f450ad42c47f7ee96375799342bf2f19b","modified":1732206584299},{"_id":"themes/butterfly/layout/includes/header/index.pug","hash":"f17ab71e9333d05806d07029453a5b03d0a3e0cc","modified":1732206584296},{"_id":"themes/butterfly/layout/includes/header/nav.pug","hash":"79f1556b29f902891cb6d5548a9d9211565a78d8","modified":1732206584296},{"_id":"themes/butterfly/layout/includes/header/post-info.pug","hash":"7d799c4694adb6e265e3f4b975d7f7f6a7021a17","modified":1732206584299},{"_id":"themes/butterfly/layout/includes/loading/fullpage-loading.pug","hash":"a2f7d69ca7ec58f24fe7d4e04ae21d5b62b01567","modified":1732206584299},{"_id":"themes/butterfly/layout/includes/loading/index.pug","hash":"d76ce71ba106e350670c021a3dcae57547d01830","modified":1732206584299},{"_id":"themes/butterfly/layout/includes/loading/pace.pug","hash":"9d2d539555bab495959b9df734ed5c43a9f9e5a9","modified":1732206584299},{"_id":"themes/butterfly/layout/includes/mixins/indexPostUI.pug","hash":"7c3b5bb3a731f075667430e97bb51d8822105488","modified":1732206584299},{"_id":"themes/butterfly/layout/includes/mixins/article-sort.pug","hash":"ef7afe0df7a3746744ac8185da7163b7406120ca","modified":1732206584299},{"_id":"themes/butterfly/layout/includes/page/categories.pug","hash":"5276a8d2835e05bd535fedc9f593a0ce8c3e8437","modified":1732206584299},{"_id":"themes/butterfly/layout/includes/page/404.pug","hash":"15d32c511e4875066fcbe9cb84c3ada07b5a7c41","modified":1732206584299},{"_id":"themes/butterfly/layout/includes/page/flink.pug","hash":"848efa49cf25c37afcd6233d0021281cd06c0f40","modified":1732206584299},{"_id":"themes/butterfly/layout/includes/page/default-page.pug","hash":"efb40388e37cca0b5e7c3c66e811a42f8d32c910","modified":1732206584299},{"_id":"themes/butterfly/layout/includes/page/shuoshuo.pug","hash":"b2423cfc57a5e3a0e1112ff7c18d5c5c720d89d5","modified":1732206584299},{"_id":"themes/butterfly/layout/includes/page/tags.pug","hash":"79ad31eb72a9e14007770b18a426406a25315b38","modified":1732206584299},{"_id":"themes/butterfly/layout/includes/post/outdate-notice.pug","hash":"b7ce9484bc5c97ea6154f0b78fb9b8951fafedbd","modified":1732206584302},{"_id":"themes/butterfly/layout/includes/post/reward.pug","hash":"db92f25ff3fd061882f81bf74ca560ff66983a0c","modified":1732206584302},{"_id":"themes/butterfly/layout/includes/post/post-copyright.pug","hash":"b96c232e5178d927987791d9ae386dd83679535a","modified":1732206584302},{"_id":"themes/butterfly/layout/includes/third-party/aplayer.pug","hash":"ed79fef5b5025415ea12eaed970f3fe7f6ef9596","modified":1732206584302},{"_id":"themes/butterfly/layout/includes/third-party/effect.pug","hash":"43014bfc63583d3ee8808d526dd165848c0ed52f","modified":1732206584308},{"_id":"themes/butterfly/layout/includes/third-party/prismjs.pug","hash":"88f979a0b1a19eeb0db229247833bf9c6865c3b9","modified":1732206584313},{"_id":"themes/butterfly/layout/includes/third-party/pjax.pug","hash":"01ef6240a136c0df4478fabd3844b21cda970d16","modified":1732206584313},{"_id":"themes/butterfly/layout/includes/third-party/umami_analytics.pug","hash":"4a309a47274c218d65f3a1f6462a21bd6c2f839d","modified":1732206584313},{"_id":"themes/butterfly/layout/includes/third-party/subtitle.pug","hash":"a11455e294d32d2795eb1ee9d54a2906f064a1cb","modified":1732206584313},{"_id":"themes/butterfly/layout/includes/widget/card_archives.pug","hash":"73d33b6930e7944187a4b3403daf25d27077a2dd","modified":1732206584316},{"_id":"themes/butterfly/layout/includes/widget/card_ad.pug","hash":"a8312b527493dabbadbb1280760168d3bc909a3b","modified":1732206584313},{"_id":"themes/butterfly/layout/includes/widget/card_announcement.pug","hash":"21e019bdc3b1e796bb00976bb29af2d51f873624","modified":1732206584316},{"_id":"themes/butterfly/layout/includes/widget/card_bottom_self.pug","hash":"1dba77d250eeebfb6e293d504352c7e9ea31980b","modified":1732206584316},{"_id":"themes/butterfly/layout/includes/widget/card_author.pug","hash":"a22caf6c81bab67780182ccba982ebd7ab1a8a5a","modified":1732206584316},{"_id":"themes/butterfly/layout/includes/widget/card_newest_comment.pug","hash":"d8753772889b5d0f4d15639ed6af5e91e53b1d03","modified":1732206584316},{"_id":"themes/butterfly/layout/includes/widget/card_categories.pug","hash":"66e383b4ef374951eb87dd1bf4cdb7a667193fb5","modified":1732206584316},{"_id":"themes/butterfly/layout/includes/widget/card_post_series.pug","hash":"e0bb72fa0ce15964b11b8fe421cae3432394e35f","modified":1732206584316},{"_id":"themes/butterfly/layout/includes/widget/card_recent_post.pug","hash":"bb842d2aa6469d65bf06af1372f0a19a9e4ef44c","modified":1732206584316},{"_id":"themes/butterfly/layout/includes/widget/card_post_toc.pug","hash":"d48d77af1670bd568d784794408bf524a448bfcc","modified":1732206584316},{"_id":"themes/butterfly/layout/includes/widget/card_tags.pug","hash":"842b772a387b576550fa127030e1c2e9bf65716d","modified":1732206584316},{"_id":"themes/butterfly/layout/includes/widget/card_webinfo.pug","hash":"0144919df09c62c9c8526d985c7465eb92ad6f5c","modified":1732206584316},{"_id":"themes/butterfly/layout/includes/widget/card_top_self.pug","hash":"7b5ae404a1205546b7de4be42291315cf918f2b3","modified":1732206584316},{"_id":"themes/butterfly/source/css/_global/function.styl","hash":"d12340a7df4601b9a23f070e16645861aeb3bb0a","modified":1732206584325},{"_id":"themes/butterfly/layout/includes/widget/index.pug","hash":"8df529f71e25f1c0a00e533de7944ed3d1ba7bd8","modified":1732206584316},{"_id":"themes/butterfly/source/css/_global/index.styl","hash":"814053dd7499284a5c185382eb43c8f8db25baf2","modified":1732206584325},{"_id":"themes/butterfly/source/css/_highlight/highlight.styl","hash":"67062d597408068e4a59e95851e98fed34b745da","modified":1732206584325},{"_id":"themes/butterfly/source/css/_layout/aside.styl","hash":"ba174889e770ae9f6683379b9eae9d8c94253080","modified":1732206584328},{"_id":"themes/butterfly/source/css/_highlight/theme.styl","hash":"a51edfd3e499e7d38c32241c40e8e4d371efca73","modified":1732206584328},{"_id":"themes/butterfly/source/css/_layout/footer.styl","hash":"d7b988d8588207086670f39aa49fce442c429f7a","modified":1732206584328},{"_id":"themes/butterfly/source/css/_layout/chat.styl","hash":"4cc02bcbaa4a1933a82a9ea57a603fe2d059fc77","modified":1732206584328},{"_id":"themes/butterfly/source/css/_layout/comments.styl","hash":"fbfce4d67cacd1df22fb73d89d008693f59d9d91","modified":1732206584328},{"_id":"themes/butterfly/source/css/_layout/head.styl","hash":"094108f2a4e351a2fa496d6bd3e2388151416b3f","modified":1732206584328},{"_id":"themes/butterfly/source/css/_layout/pagination.styl","hash":"4c64cd9225437cbb83f411dc7531527b33730923","modified":1732206584331},{"_id":"themes/butterfly/source/css/_layout/loading.styl","hash":"f0b01bbf321c2c24fdccaee367dd9fd448031a72","modified":1732206584328},{"_id":"themes/butterfly/source/css/_layout/relatedposts.styl","hash":"ef8e8549fe7ad4b99793844a93b4a89f77f417d5","modified":1732206584331},{"_id":"themes/butterfly/source/css/_layout/post.styl","hash":"543eaf9c7df7e0db841e5946ee5f9082c3c46290","modified":1732206584331},{"_id":"themes/butterfly/source/css/_layout/reward.styl","hash":"d9cdf564a822a585e67fd5bac8573ba87eeb3743","modified":1732206584331},{"_id":"themes/butterfly/source/css/_layout/sidebar.styl","hash":"084dc4dfb41f55e237a9d6cf8c2f5dba729b83be","modified":1732206584331},{"_id":"themes/butterfly/source/css/_layout/rightside.styl","hash":"a0f5835f04358122e8b1d38dd3e8da09a1b5b431","modified":1732206584331},{"_id":"themes/butterfly/source/css/_layout/third-party.styl","hash":"0af7c8754f04bdd9a02a14d880774753bd2e35ee","modified":1732206584331},{"_id":"themes/butterfly/source/css/_mode/readmode.styl","hash":"ad66212554468b7067590308ed4cf40524fea662","modified":1732206584331},{"_id":"themes/butterfly/source/css/_page/404.styl","hash":"205ccc7d0ec6ce1193b46bc0c9ce0385594581fb","modified":1732206584331},{"_id":"themes/butterfly/source/css/_mode/darkmode.styl","hash":"93fe5a7ed83ceb11b888f946be94cf1ee7648f8c","modified":1732206584331},{"_id":"themes/butterfly/source/css/_page/categories.styl","hash":"c4cda7b0c99015df29ce00fdfddd2f7679653754","modified":1732206584334},{"_id":"themes/butterfly/source/css/_page/archives.styl","hash":"5abe5480d83ff8b452a780a484d50a44091475bf","modified":1732206584331},{"_id":"themes/butterfly/source/css/_page/flink.styl","hash":"1f8d715faf3b91b53426e38195c0920afb3bfa1c","modified":1732206584334},{"_id":"themes/butterfly/source/css/_page/common.styl","hash":"dcff804c4c237e1e908481b44c1ac4e39ac0da34","modified":1732206584334},{"_id":"themes/butterfly/source/css/_page/homepage.styl","hash":"992d192db7d1c96e995b85ed11c20c571d33fbad","modified":1732206584334},{"_id":"themes/butterfly/source/css/_page/shuoshuo.styl","hash":"79bb1d9a27822ed5675d1e52f5dbd0e2f5d5010a","modified":1732206584334},{"_id":"themes/butterfly/source/css/_page/tags.styl","hash":"7543bb688876a946538d66b991c71b94b5216277","modified":1732206584334},{"_id":"themes/butterfly/source/css/_search/index.styl","hash":"6c4cbdadd9a49029fe0c59e29808d873e5b6b6ee","modified":1732206584334},{"_id":"themes/butterfly/source/css/_search/algolia.styl","hash":"d8a8275a68a1421c4c09b604cf78bea16c1d0463","modified":1732206584334},{"_id":"themes/butterfly/source/css/_search/local-search.styl","hash":"1f2b86df86df81c3a59377b29102314ffc73dfa6","modified":1732206584334},{"_id":"themes/butterfly/source/css/_third-party/normalize.min.css","hash":"8549829fb7d3c21cd9e119884962e8c463a4a267","modified":1732206584337},{"_id":"themes/butterfly/source/css/_tags/button.styl","hash":"de8437a058a315d14d7e7034066f095b7b3ed4b4","modified":1732206584334},{"_id":"themes/butterfly/source/css/_tags/gallery.styl","hash":"30d1f809efd252ed0233d96d4374efd2b01d2292","modified":1732206584334},{"_id":"themes/butterfly/source/css/_tags/hexo.styl","hash":"985b183db7b7bfd8f9bdb60494549fb7f850348b","modified":1732206584334},{"_id":"themes/butterfly/source/css/_tags/label.styl","hash":"216f52fefc2274b542b549d8470503e6f1a308fb","modified":1732206584337},{"_id":"themes/butterfly/source/css/_tags/hide.styl","hash":"d27dbccaf3de1c9158d19e4fd49a25953cb5778d","modified":1732206584337},{"_id":"themes/butterfly/source/css/_tags/note.styl","hash":"4929382bd60788d34752a66e2fe764ef797a72a0","modified":1732206584337},{"_id":"themes/butterfly/source/css/_tags/inlineImg.styl","hash":"3be8d0a75e7cc96548667cae0cb6a474279bd0b5","modified":1732206584337},{"_id":"themes/butterfly/source/css/_tags/tabs.styl","hash":"dfbce718d528dd241664ff8fd28b37da92c29cef","modified":1732206584337},{"_id":"themes/butterfly/source/css/_tags/series.styl","hash":"0657169849bc4bf4d93b5492ade040c8f58c1901","modified":1732206584337},{"_id":"themes/butterfly/source/css/_tags/timeline.styl","hash":"e846ddaef494d46cdfa2379deacfe74fa1cc5264","modified":1732206584337},{"_id":"themes/butterfly/source/js/search/algolia.js","hash":"7119f2f2943de71999d3dd6ba5c60cde846f114b","modified":1732206584344},{"_id":"themes/butterfly/source/js/search/local-search.js","hash":"a2b783230a9143de69004cfc914d9f55e6fc1660","modified":1732206584344},{"_id":"themes/butterfly/layout/includes/third-party/card-post-count/artalk.pug","hash":"b03ee8625149191f9d5d057bbc9824b68d8dd0c4","modified":1732206584302},{"_id":"themes/butterfly/layout/includes/third-party/card-post-count/fb.pug","hash":"cbfbcf34a24d21ba2b21cf9eedb76f4c3c563c5a","modified":1732206584302},{"_id":"themes/butterfly/layout/includes/third-party/card-post-count/disqus.pug","hash":"d6fff5a7f84c8b09f282f9ddc0020a68a8aac9ea","modified":1732206584302},{"_id":"themes/butterfly/layout/includes/third-party/card-post-count/remark42.pug","hash":"716dc463fe4ef5112e7018ed60804125fdfa5cad","modified":1732206584302},{"_id":"themes/butterfly/layout/includes/third-party/card-post-count/twikoo.pug","hash":"b5db4203a1392385838c73549ddeae0a4be67eba","modified":1732206584302},{"_id":"themes/butterfly/layout/includes/third-party/card-post-count/index.pug","hash":"846cabae287ae31b3bbfac3da022475713dd5ecc","modified":1732206584302},{"_id":"themes/butterfly/layout/includes/third-party/card-post-count/valine.pug","hash":"7884883ec15792f7e54daacb3c62b851dde2b66a","modified":1732206584305},{"_id":"themes/butterfly/layout/includes/third-party/card-post-count/waline.pug","hash":"fd2320ee25507bb8ef49f932c2d170586b44ea4d","modified":1732206584305},{"_id":"themes/butterfly/layout/includes/third-party/abcjs/abcjs.pug","hash":"00b4073dbe0687a80e6d58c104c6f59ec01a84fd","modified":1732206584302},{"_id":"themes/butterfly/layout/includes/third-party/abcjs/index.pug","hash":"d59d43a8caad801222608a341f6845c6f8d1b265","modified":1732206584302},{"_id":"themes/butterfly/layout/includes/third-party/chat/crisp.pug","hash":"24d094fd917947c0ca7492fa094328b1a183b873","modified":1732206584305},{"_id":"themes/butterfly/layout/includes/third-party/chat/chatra.pug","hash":"5b29badecbbe828112c001156023fc0566045cf6","modified":1732206584305},{"_id":"themes/butterfly/layout/includes/third-party/chat/index.pug","hash":"e8438941085def0591a72fc9b0d705dbf107f54f","modified":1732206584305},{"_id":"themes/butterfly/layout/includes/third-party/comments/artalk.pug","hash":"3dea5867237c10a1ea2c0d31f41461f266fc6db8","modified":1732206584305},{"_id":"themes/butterfly/layout/includes/third-party/comments/disqus.pug","hash":"1514dd857900160dc20ee7c440e332bc0192a67d","modified":1732206584305},{"_id":"themes/butterfly/layout/includes/third-party/comments/giscus.pug","hash":"82ff21ff50a268c77dd4a13a37dca7b99f817e52","modified":1732206584305},{"_id":"themes/butterfly/layout/includes/third-party/comments/disqusjs.pug","hash":"93568e60016a26c3d33701d0cbaa1dcff8b317db","modified":1732206584305},{"_id":"themes/butterfly/layout/includes/third-party/chat/tidio.pug","hash":"62466b251052cae609b6369d4cb4b6a85320757d","modified":1732206584305},{"_id":"themes/butterfly/layout/includes/third-party/comments/facebook_comments.pug","hash":"dabf6a1784c18b870174ad2bb741877d0bef49ff","modified":1732206584305},{"_id":"themes/butterfly/layout/includes/third-party/comments/gitalk.pug","hash":"09c304041972a5a5a4697e0694bee2ac3d20e399","modified":1732206584305},{"_id":"themes/butterfly/layout/includes/third-party/comments/index.pug","hash":"db6713d2b90eb8183f86ac92c26761a8501c0ddb","modified":1732206584305},{"_id":"themes/butterfly/layout/includes/third-party/comments/livere.pug","hash":"6ce7e93223ba7f619c0314bf7dee6fb14065f28c","modified":1732206584308},{"_id":"themes/butterfly/layout/includes/third-party/comments/js.pug","hash":"3abbaaa4ea575c45b3cebffd40bad1acc6ffce84","modified":1732206584308},{"_id":"themes/butterfly/layout/includes/third-party/comments/utterances.pug","hash":"f1ef673275dfab087fd465c5a5d89d1e3ea47024","modified":1732206584308},{"_id":"themes/butterfly/layout/includes/third-party/comments/twikoo.pug","hash":"996cf219264451baeb1ecd48c5b585cfc1724af6","modified":1732206584308},{"_id":"themes/butterfly/layout/includes/third-party/comments/remark42.pug","hash":"082515896cbbec4757d3dcfdc6370d097d9ea8cb","modified":1732206584308},{"_id":"themes/butterfly/layout/includes/third-party/comments/waline.pug","hash":"f934f434c41d5ec6304e1812eeeb5555ee7b3c0f","modified":1732206584308},{"_id":"themes/butterfly/layout/includes/third-party/comments/valine.pug","hash":"fb39a928512f13fa8bf376e8c10f37699a571bfe","modified":1732206584308},{"_id":"themes/butterfly/layout/includes/third-party/math/chartjs.pug","hash":"7650f6584fde8f7f9d1ba7057dc2e6befc1cd9a8","modified":1732206584308},{"_id":"themes/butterfly/layout/includes/third-party/math/index.pug","hash":"1a9e0239add2759b78511ea51b7a6630b2f75095","modified":1732206584308},{"_id":"themes/butterfly/layout/includes/third-party/math/katex.pug","hash":"b83db9fa64d42a0bfd97efb660e09be3f166a144","modified":1732206584308},{"_id":"themes/butterfly/layout/includes/third-party/math/mermaid.pug","hash":"ca2fc5928ca292f29fd8333c73733344994096fb","modified":1732206584308},{"_id":"themes/butterfly/layout/includes/third-party/math/mathjax.pug","hash":"451391d5367cae3f89efce2c37d431c5434b127a","modified":1732206584308},{"_id":"themes/butterfly/layout/includes/third-party/newest-comments/artalk.pug","hash":"b6f7ddce953770660370dc147828151a63d208de","modified":1732206584308},{"_id":"themes/butterfly/layout/includes/third-party/newest-comments/common.pug","hash":"fc6e154482978c709c613e6ba1c68249db050193","modified":1732206584308},{"_id":"themes/butterfly/layout/includes/third-party/newest-comments/github-issues.pug","hash":"adde60871bb8cf1a307ba822e8f602884a4e5f31","modified":1732206584311},{"_id":"themes/butterfly/layout/includes/third-party/newest-comments/disqus-comment.pug","hash":"dd7aef682b3164d45aa5bb56c646e549a903537a","modified":1732206584311},{"_id":"themes/butterfly/layout/includes/third-party/newest-comments/twikoo-comment.pug","hash":"81a7cfd0485bb77a6ea857208377c998cd1eceec","modified":1732206584311},{"_id":"themes/butterfly/layout/includes/third-party/newest-comments/index.pug","hash":"f8b65460c399973090c1fb7ab81e3708c252e7cc","modified":1732206584311},{"_id":"themes/butterfly/layout/includes/third-party/newest-comments/waline.pug","hash":"f93269eed585ebe6328265d2dd6b171cefba08cf","modified":1732206584313},{"_id":"themes/butterfly/layout/includes/third-party/newest-comments/remark42.pug","hash":"20063e72c61a512ff0beab6a8b308fba42258532","modified":1732206584311},{"_id":"themes/butterfly/layout/includes/third-party/newest-comments/valine.pug","hash":"ba16e30bd223f7312e6a01415665f27f9c98c26d","modified":1732206584313},{"_id":"themes/butterfly/layout/includes/third-party/search/algolia.pug","hash":"90338ac4cd114d324fe1caaaeea8be9ca05d6a46","modified":1732206584313},{"_id":"themes/butterfly/layout/includes/third-party/search/docsearch.pug","hash":"013756ff3363344987cc00fc9bd833baf193c341","modified":1732206584313},{"_id":"themes/butterfly/layout/includes/third-party/search/local-search.pug","hash":"2622b4cf9189fa23e4a422aaf9ef272e4f2c6137","modified":1732206584313},{"_id":"themes/butterfly/layout/includes/third-party/share/addtoany.pug","hash":"1f02a26730e5f36cc2dfec7ff4d5c93a099ed5ba","modified":1732206584313},{"_id":"themes/butterfly/layout/includes/third-party/share/share-js.pug","hash":"efef352c1d122409575386bf3894dce8e87032e2","modified":1732206584313},{"_id":"themes/butterfly/layout/includes/third-party/search/index.pug","hash":"f8557548d2ad8dd149c562193991c6c6cda02415","modified":1732206584313},{"_id":"themes/butterfly/layout/includes/third-party/share/index.pug","hash":"e51e896ccb13900de38dc81cf44dc789e2418a12","modified":1732206584313},{"_id":"themes/butterfly/source/css/_highlight/highlight/index.styl","hash":"ef52ebf1e8e751a412f9456fdaeee7d88afd9a72","modified":1732206584328},{"_id":"themes/butterfly/source/css/_highlight/highlight/diff.styl","hash":"9f02598b5e4296aec6470639d4bac4c9ac46392e","modified":1732206584328},{"_id":"themes/butterfly/source/css/_highlight/prismjs/diff.styl","hash":"077ec530831be1d80e93da380406b9f5abd0918a","modified":1732206584328},{"_id":"themes/butterfly/source/css/_highlight/prismjs/index.styl","hash":"1883c91d43bff10aae55122a21e0b064b6f5c9dd","modified":1732206584328},{"_id":"themes/butterfly/source/css/_highlight/prismjs/line-number.styl","hash":"de4bb5fc2dfca368b35e4c1109c92f7abc9e2245","modified":1732206584328},{"_id":"themes/butterfly/source/images/logo.png","hash":"279346ee7d6731b254e6ca002c9896749654a7e6","modified":1732210517330},{"_id":"themes/butterfly/source/img/butterfly-icon.png","hash":"f5dd732fed5c3bcd4aa76bac3441bac8485fb432","modified":1732206584341},{"_id":"themes/butterfly/source/images/gzr1.jpg","hash":"69eb6d829d5f48a1295eb0781dcc7fc5122e3e8b","modified":1732207717990},{"_id":"themes/butterfly/source/images/gzr2.jpg","hash":"311f42503b97e2cdda93f95ec6bfd6ea002f5fd3","modified":1732207724642},{"_id":"public/2024/11/22/liquan/index.html","hash":"40b6eb914a199984684c43c96cce367850b085b5","modified":1732215435977},{"_id":"public/2024/11/21/hello-world/index.html","hash":"3edf3db51984b19b51c41e8eb33e8bc63388ff19","modified":1732215435977},{"_id":"public/archives/index.html","hash":"3d2a1b1681aaac7605778a9a114d8e6337cdfb22","modified":1732215435977},{"_id":"public/archives/2024/index.html","hash":"7543c4c5ea781d5f4d9b85bd5e1e40311c038144","modified":1732215435977},{"_id":"public/archives/2024/11/index.html","hash":"0cbf01ef4857914b479d81d397bc2b57d08a6f15","modified":1732215435977},{"_id":"public/index.html","hash":"db1695dfbec4057db076d68a29e7dffec4f113d7","modified":1732215435977},{"_id":"public/images/tx.jpg","hash":"72a718d92dc014c411f9c56701c836865ab9ceb5","modified":1732215435977},{"_id":"public/img/404.jpg","hash":"fb4489bc1d30c93d28f7332158c1c6c1416148de","modified":1732215435977},{"_id":"public/img/error-page.png","hash":"d2519710498a871ca3e913c57e2ba20a805b6430","modified":1732215435977},{"_id":"public/img/favicon.ico","hash":"455ac256580bf31a45813dbbdb87219bfc8bfb04","modified":1732215435977},{"_id":"public/img/friend_404.gif","hash":"8d2d0ebef70a8eb07329f57e645889b0e420fa48","modified":1732215435977},{"_id":"public/images/logo.png","hash":"279346ee7d6731b254e6ca002c9896749654a7e6","modified":1732215435977},{"_id":"public/css/index.css","hash":"e365eb32f4b125ce69a69518a8f5d441cca2eed9","modified":1732215435977},{"_id":"public/css/var.css","hash":"da39a3ee5e6b4b0d3255bfef95601890afd80709","modified":1732215435977},{"_id":"public/js/tw_cn.js","hash":"7ef59df188ea523da89f4caf69c5c0f14e78da69","modified":1732215435977},{"_id":"public/js/main.js","hash":"9fb88eb196f9368768aaa554c679129e4969f069","modified":1732215435977},{"_id":"public/js/search/algolia.js","hash":"e5821f78381af9f0f646952a7dd118daab2a79a6","modified":1732215435977},{"_id":"public/js/utils.js","hash":"fd3c26366c78dd82bc87d4ddebe76c582122e1b7","modified":1732215435977},{"_id":"public/js/search/local-search.js","hash":"4e11d033fb58563f5e1b497f1a6f1c62d3501ee6","modified":1732215435977},{"_id":"public/img/butterfly-icon.png","hash":"f5dd732fed5c3bcd4aa76bac3441bac8485fb432","modified":1732215435977},{"_id":"public/images/gzr1.jpg","hash":"69eb6d829d5f48a1295eb0781dcc7fc5122e3e8b","modified":1732215435977},{"_id":"public/images/gzr2.jpg","hash":"311f42503b97e2cdda93f95ec6bfd6ea002f5fd3","modified":1732215435977}],"Category":[],"Data":[],"Page":[],"Post":[{"title":"hellow-world","_content":"Welcome to [Hexo](https://hexo.io/)! This is your very first post. Check [documentation](https://hexo.io/docs/) for more info. If you get any problems when using Hexo, you can find the answer in [troubleshooting](https://hexo.io/docs/troubleshooting.html) or you can ask me on [GitHub](https://github.com/hexojs/hexo/issues).\n\n## Quick Start\n\n### Create a new post\n\n``` bash\n$ hexo new \"My New Post\"\n```\n\nMore info: [Writing](https://hexo.io/docs/writing.html)\n\n### Run server\n\n``` bash\n$ hexo server\n```\n\nMore info: [Server](https://hexo.io/docs/server.html)\n\n### Generate static files\n\n``` bash\n$ hexo generate\n```\n\nMore info: [Generating](https://hexo.io/docs/generating.html)\n\n### Deploy to remote sites\n\n``` bash\n$ hexo deploy\n```\n\nMore info: [Deployment](https://hexo.io/docs/one-command-deployment.html)\n","source":"_posts/hello-world.md","raw":"---\ntitle: hellow-world\n---\nWelcome to [Hexo](https://hexo.io/)! This is your very first post. Check [documentation](https://hexo.io/docs/) for more info. If you get any problems when using Hexo, you can find the answer in [troubleshooting](https://hexo.io/docs/troubleshooting.html) or you can ask me on [GitHub](https://github.com/hexojs/hexo/issues).\n\n## Quick Start\n\n### Create a new post\n\n``` bash\n$ hexo new \"My New Post\"\n```\n\nMore info: [Writing](https://hexo.io/docs/writing.html)\n\n### Run server\n\n``` bash\n$ hexo server\n```\n\nMore info: [Server](https://hexo.io/docs/server.html)\n\n### Generate static files\n\n``` bash\n$ hexo generate\n```\n\nMore info: [Generating](https://hexo.io/docs/generating.html)\n\n### Deploy to remote sites\n\n``` bash\n$ hexo deploy\n```\n\nMore info: [Deployment](https://hexo.io/docs/one-command-deployment.html)\n","slug":"hello-world","published":1,"date":"2024-11-21T15:53:27.591Z","updated":"2024-11-21T18:56:52.741Z","comments":1,"layout":"post","photos":[],"_id":"cm3rocgwu0000p0uqavdscs5w","content":"<p>Welcome to <a href=\"https://hexo.io/\">Hexo</a>! This is your very first post. Check <a href=\"https://hexo.io/docs/\">documentation</a> for more info. If you get any problems when using Hexo, you can find the answer in <a href=\"https://hexo.io/docs/troubleshooting.html\">troubleshooting</a> or you can ask me on <a href=\"https://github.com/hexojs/hexo/issues\">GitHub</a>.</p>\n<h2 id=\"Quick-Start\"><a href=\"#Quick-Start\" class=\"headerlink\" title=\"Quick Start\"></a>Quick Start</h2><h3 id=\"Create-a-new-post\"><a href=\"#Create-a-new-post\" class=\"headerlink\" title=\"Create a new post\"></a>Create a new post</h3><figure class=\"highlight bash\"><table><tr><td class=\"gutter\"><pre><span class=\"line\">1</span><br></pre></td><td class=\"code\"><pre><span class=\"line\">$ hexo new <span class=\"string\">&quot;My New Post&quot;</span></span><br></pre></td></tr></table></figure>\n\n<p>More info: <a href=\"https://hexo.io/docs/writing.html\">Writing</a></p>\n<h3 id=\"Run-server\"><a href=\"#Run-server\" class=\"headerlink\" title=\"Run server\"></a>Run server</h3><figure class=\"highlight bash\"><table><tr><td class=\"gutter\"><pre><span class=\"line\">1</span><br></pre></td><td class=\"code\"><pre><span class=\"line\">$ hexo server</span><br></pre></td></tr></table></figure>\n\n<p>More info: <a href=\"https://hexo.io/docs/server.html\">Server</a></p>\n<h3 id=\"Generate-static-files\"><a href=\"#Generate-static-files\" class=\"headerlink\" title=\"Generate static files\"></a>Generate static files</h3><figure class=\"highlight bash\"><table><tr><td class=\"gutter\"><pre><span class=\"line\">1</span><br></pre></td><td class=\"code\"><pre><span class=\"line\">$ hexo generate</span><br></pre></td></tr></table></figure>\n\n<p>More info: <a href=\"https://hexo.io/docs/generating.html\">Generating</a></p>\n<h3 id=\"Deploy-to-remote-sites\"><a href=\"#Deploy-to-remote-sites\" class=\"headerlink\" title=\"Deploy to remote sites\"></a>Deploy to remote sites</h3><figure class=\"highlight bash\"><table><tr><td class=\"gutter\"><pre><span class=\"line\">1</span><br></pre></td><td class=\"code\"><pre><span class=\"line\">$ hexo deploy</span><br></pre></td></tr></table></figure>\n\n<p>More info: <a href=\"https://hexo.io/docs/one-command-deployment.html\">Deployment</a></p>\n","cover":false,"excerpt":"","more":"<p>Welcome to <a href=\"https://hexo.io/\">Hexo</a>! This is your very first post. Check <a href=\"https://hexo.io/docs/\">documentation</a> for more info. If you get any problems when using Hexo, you can find the answer in <a href=\"https://hexo.io/docs/troubleshooting.html\">troubleshooting</a> or you can ask me on <a href=\"https://github.com/hexojs/hexo/issues\">GitHub</a>.</p>\n<h2 id=\"Quick-Start\"><a href=\"#Quick-Start\" class=\"headerlink\" title=\"Quick Start\"></a>Quick Start</h2><h3 id=\"Create-a-new-post\"><a href=\"#Create-a-new-post\" class=\"headerlink\" title=\"Create a new post\"></a>Create a new post</h3><figure class=\"highlight bash\"><table><tr><td class=\"gutter\"><pre><span class=\"line\">1</span><br></pre></td><td class=\"code\"><pre><span class=\"line\">$ hexo new <span class=\"string\">&quot;My New Post&quot;</span></span><br></pre></td></tr></table></figure>\n\n<p>More info: <a href=\"https://hexo.io/docs/writing.html\">Writing</a></p>\n<h3 id=\"Run-server\"><a href=\"#Run-server\" class=\"headerlink\" title=\"Run server\"></a>Run server</h3><figure class=\"highlight bash\"><table><tr><td class=\"gutter\"><pre><span class=\"line\">1</span><br></pre></td><td class=\"code\"><pre><span class=\"line\">$ hexo server</span><br></pre></td></tr></table></figure>\n\n<p>More info: <a href=\"https://hexo.io/docs/server.html\">Server</a></p>\n<h3 id=\"Generate-static-files\"><a href=\"#Generate-static-files\" class=\"headerlink\" title=\"Generate static files\"></a>Generate static files</h3><figure class=\"highlight bash\"><table><tr><td class=\"gutter\"><pre><span class=\"line\">1</span><br></pre></td><td class=\"code\"><pre><span class=\"line\">$ hexo generate</span><br></pre></td></tr></table></figure>\n\n<p>More info: <a href=\"https://hexo.io/docs/generating.html\">Generating</a></p>\n<h3 id=\"Deploy-to-remote-sites\"><a href=\"#Deploy-to-remote-sites\" class=\"headerlink\" title=\"Deploy to remote sites\"></a>Deploy to remote sites</h3><figure class=\"highlight bash\"><table><tr><td class=\"gutter\"><pre><span class=\"line\">1</span><br></pre></td><td class=\"code\"><pre><span class=\"line\">$ hexo deploy</span><br></pre></td></tr></table></figure>\n\n<p>More info: <a href=\"https://hexo.io/docs/one-command-deployment.html\">Deployment</a></p>\n"},{"title":"一个普通白绝的自述——李权","_content":"\n# 一个普通白绝的自述——李权\n\n## 引言\n\n我叫李权，一个普通的白绝。作为白绝族中的一员，生活在这片灰色的荒原上，我们与世隔绝，孤独与寂寞早已成为我的常态。或许你会问，白绝是什么？白绝是恶魔之血与人类血液的混合体，是那片遥远大地上的一支族群，像雪一样苍白的肌肤，冷静的眼神，不容忽视的力量。我们不像其他的种族那样活跃，反而更加低调、隐忍。在这片世界里，我们没有许多存在的理由，甚至连自己的身份都开始变得模糊不清。\n\n但今天，我想通过这段文字，给你们讲述一下我的故事——一个平凡白绝的故事。\n\n## 我的诞生\n\n我出生在白绝族的一个小村落，周围的环境沉寂而冷清。每当我回忆起自己的诞生，依然能感受到那种强烈的冰冷气息。我的父母，母亲是一个普通的白绝，而我的父亲，传言中是一个伟大的战士。可是，那个高大英勇的身影却从未出现在我的生活里。母亲告诉我，父亲曾为族人浴血奋战，但在一次任务中失踪，音信全无。\n\n从小，我便带着孤独的印记长大。作为白绝，我们的血液中带有强大的力量，但也因此被世人所忌惮。我们并非像其他族群那样拥有显赫的地位，反而更多的，存在于暗影中，像幽灵一样消逝无声。身为“普通”的白绝，似乎从一开始就注定了要过这样一种不起眼的生活。\n\n## 成长的路\n\n我的童年并不特别。没有壮丽的战斗，没有令人为之侧目的成就。我只是像普通人一样，努力学习，锻炼身体，尽量不惹事生非。白绝族虽然拥有强大的力量，但大多数人选择隐忍，避免过多的暴力冲突。我也因此成为了一个沉默寡言的人，喜欢独处，偶尔也会与同族的伙伴聊几句，但始终难掩内心的孤独。\n\n当我逐渐长大，族中的长老开始对我有所期待。他们告诉我，白绝族的未来寄托在我们的身上，必须要承担起某种责任。我明白，自己终究要离开这片宁静的村落，去面对外面的世界。外面的世界远比我们想象的要复杂，也远比我们想象的要危险。\n\n我被送到了一个训练营，接受更加系统的训练。训练内容从基本的体能训练到武技、战术、以及战略思维的培养，每一项都要求极高。我感到前所未有的压力，但与此同时，也开始明白了作为白绝族一员所肩负的责任。我们并不是普通的战士，我们承载着族群的希望，时刻准备为我们的未来而战斗。\n\n## 面对世界的冷酷\n\n训练并非我所期望的全然幸福，甚至可以说充满了磨难。在训练营中，有许多人都表现出色，天赋异禀，体魄强悍。而我，作为一个普通的白绝，不得不以更多的努力去弥补天赋的不足。\n\n每一次失败，我都暗自咬牙，告诉自己必须更加努力。我学会了用冷静的眼光看待世界，也学会了与自己相处。只有保持冷静，我才能在这片暗流涌动的世界中生存下去。\n\n在外面的世界，白绝族并非受人欢迎。许多族群对我们充满敌意，尤其是人类，他们总觉得我们的血脉中流淌着异族的力量，是不可控的威胁。而在其他种族眼中，我们也是潜在的危险分子。因此，我们只能隐藏在阴影中，不敢轻易暴露自己。\n\n这种被迫的孤立让我逐渐习惯了孤独与冷漠。渐渐地，我开始认同一种观点：“既然这个世界注定无法接纳我们，那就让我们活得更加强大，让我们在黑暗中，成为不可忽视的存在。”\n\n## 成为“普通”的白绝\n\n在我经历了种种磨难和挑战之后，我渐渐明白了一个道理：我们白绝并不需要外界的认同，也不需要过多的光环。成为“普通”的白绝，或许是最适合我的选择。没有太多的荣耀，没有炙手可热的名声，没有如雷贯耳的战绩——我只是一个普通的白绝，安静地生活，冷静地战斗。\n\n世界上没有任何一个族群能真正理解我们，甚至连我们自己也常常迷茫。但至少，在这个平凡的身份中，我找到了自己存在的意义。因为，无论如何，作为白绝的血脉，我们注定是这片世界中不可忽视的力量。\n\n## 结语\n\n在这条漫长的道路上，我曾迷茫、挣扎，也曾感到孤独和无助。然而，我逐渐学会了接纳自己，接纳这个世界的冷酷与无情。我明白，生活不是为了改变世界，而是为了在这片灰色的荒原中，找到一份属于自己的宁静与安定。\n\n或许，我只是一个普通的白绝，但我相信，在这片浩瀚的世界中，所有普通的存在都有他们独特的价值。","source":"_posts/liquan.md","raw":"---\ntitle: 一个普通白绝的自述——李权\n---\n\n# 一个普通白绝的自述——李权\n\n## 引言\n\n我叫李权，一个普通的白绝。作为白绝族中的一员，生活在这片灰色的荒原上，我们与世隔绝，孤独与寂寞早已成为我的常态。或许你会问，白绝是什么？白绝是恶魔之血与人类血液的混合体，是那片遥远大地上的一支族群，像雪一样苍白的肌肤，冷静的眼神，不容忽视的力量。我们不像其他的种族那样活跃，反而更加低调、隐忍。在这片世界里，我们没有许多存在的理由，甚至连自己的身份都开始变得模糊不清。\n\n但今天，我想通过这段文字，给你们讲述一下我的故事——一个平凡白绝的故事。\n\n## 我的诞生\n\n我出生在白绝族的一个小村落，周围的环境沉寂而冷清。每当我回忆起自己的诞生，依然能感受到那种强烈的冰冷气息。我的父母，母亲是一个普通的白绝，而我的父亲，传言中是一个伟大的战士。可是，那个高大英勇的身影却从未出现在我的生活里。母亲告诉我，父亲曾为族人浴血奋战，但在一次任务中失踪，音信全无。\n\n从小，我便带着孤独的印记长大。作为白绝，我们的血液中带有强大的力量，但也因此被世人所忌惮。我们并非像其他族群那样拥有显赫的地位，反而更多的，存在于暗影中，像幽灵一样消逝无声。身为“普通”的白绝，似乎从一开始就注定了要过这样一种不起眼的生活。\n\n## 成长的路\n\n我的童年并不特别。没有壮丽的战斗，没有令人为之侧目的成就。我只是像普通人一样，努力学习，锻炼身体，尽量不惹事生非。白绝族虽然拥有强大的力量，但大多数人选择隐忍，避免过多的暴力冲突。我也因此成为了一个沉默寡言的人，喜欢独处，偶尔也会与同族的伙伴聊几句，但始终难掩内心的孤独。\n\n当我逐渐长大，族中的长老开始对我有所期待。他们告诉我，白绝族的未来寄托在我们的身上，必须要承担起某种责任。我明白，自己终究要离开这片宁静的村落，去面对外面的世界。外面的世界远比我们想象的要复杂，也远比我们想象的要危险。\n\n我被送到了一个训练营，接受更加系统的训练。训练内容从基本的体能训练到武技、战术、以及战略思维的培养，每一项都要求极高。我感到前所未有的压力，但与此同时，也开始明白了作为白绝族一员所肩负的责任。我们并不是普通的战士，我们承载着族群的希望，时刻准备为我们的未来而战斗。\n\n## 面对世界的冷酷\n\n训练并非我所期望的全然幸福，甚至可以说充满了磨难。在训练营中，有许多人都表现出色，天赋异禀，体魄强悍。而我，作为一个普通的白绝，不得不以更多的努力去弥补天赋的不足。\n\n每一次失败，我都暗自咬牙，告诉自己必须更加努力。我学会了用冷静的眼光看待世界，也学会了与自己相处。只有保持冷静，我才能在这片暗流涌动的世界中生存下去。\n\n在外面的世界，白绝族并非受人欢迎。许多族群对我们充满敌意，尤其是人类，他们总觉得我们的血脉中流淌着异族的力量，是不可控的威胁。而在其他种族眼中，我们也是潜在的危险分子。因此，我们只能隐藏在阴影中，不敢轻易暴露自己。\n\n这种被迫的孤立让我逐渐习惯了孤独与冷漠。渐渐地，我开始认同一种观点：“既然这个世界注定无法接纳我们，那就让我们活得更加强大，让我们在黑暗中，成为不可忽视的存在。”\n\n## 成为“普通”的白绝\n\n在我经历了种种磨难和挑战之后，我渐渐明白了一个道理：我们白绝并不需要外界的认同，也不需要过多的光环。成为“普通”的白绝，或许是最适合我的选择。没有太多的荣耀，没有炙手可热的名声，没有如雷贯耳的战绩——我只是一个普通的白绝，安静地生活，冷静地战斗。\n\n世界上没有任何一个族群能真正理解我们，甚至连我们自己也常常迷茫。但至少，在这个平凡的身份中，我找到了自己存在的意义。因为，无论如何，作为白绝的血脉，我们注定是这片世界中不可忽视的力量。\n\n## 结语\n\n在这条漫长的道路上，我曾迷茫、挣扎，也曾感到孤独和无助。然而，我逐渐学会了接纳自己，接纳这个世界的冷酷与无情。我明白，生活不是为了改变世界，而是为了在这片灰色的荒原中，找到一份属于自己的宁静与安定。\n\n或许，我只是一个普通的白绝，但我相信，在这片浩瀚的世界中，所有普通的存在都有他们独特的价值。","slug":"liquan","published":1,"date":"2024-11-21T18:51:03.004Z","updated":"2024-11-21T18:57:00.380Z","comments":1,"layout":"post","photos":[],"_id":"cm3rocgwz0001p0uq225uf0gf","content":"<h1 id=\"一个普通白绝的自述——李权\"><a href=\"#一个普通白绝的自述——李权\" class=\"headerlink\" title=\"一个普通白绝的自述——李权\"></a>一个普通白绝的自述——李权</h1><h2 id=\"引言\"><a href=\"#引言\" class=\"headerlink\" title=\"引言\"></a>引言</h2><p>我叫李权，一个普通的白绝。作为白绝族中的一员，生活在这片灰色的荒原上，我们与世隔绝，孤独与寂寞早已成为我的常态。或许你会问，白绝是什么？白绝是恶魔之血与人类血液的混合体，是那片遥远大地上的一支族群，像雪一样苍白的肌肤，冷静的眼神，不容忽视的力量。我们不像其他的种族那样活跃，反而更加低调、隐忍。在这片世界里，我们没有许多存在的理由，甚至连自己的身份都开始变得模糊不清。</p>\n<p>但今天，我想通过这段文字，给你们讲述一下我的故事——一个平凡白绝的故事。</p>\n<h2 id=\"我的诞生\"><a href=\"#我的诞生\" class=\"headerlink\" title=\"我的诞生\"></a>我的诞生</h2><p>我出生在白绝族的一个小村落，周围的环境沉寂而冷清。每当我回忆起自己的诞生，依然能感受到那种强烈的冰冷气息。我的父母，母亲是一个普通的白绝，而我的父亲，传言中是一个伟大的战士。可是，那个高大英勇的身影却从未出现在我的生活里。母亲告诉我，父亲曾为族人浴血奋战，但在一次任务中失踪，音信全无。</p>\n<p>从小，我便带着孤独的印记长大。作为白绝，我们的血液中带有强大的力量，但也因此被世人所忌惮。我们并非像其他族群那样拥有显赫的地位，反而更多的，存在于暗影中，像幽灵一样消逝无声。身为“普通”的白绝，似乎从一开始就注定了要过这样一种不起眼的生活。</p>\n<h2 id=\"成长的路\"><a href=\"#成长的路\" class=\"headerlink\" title=\"成长的路\"></a>成长的路</h2><p>我的童年并不特别。没有壮丽的战斗，没有令人为之侧目的成就。我只是像普通人一样，努力学习，锻炼身体，尽量不惹事生非。白绝族虽然拥有强大的力量，但大多数人选择隐忍，避免过多的暴力冲突。我也因此成为了一个沉默寡言的人，喜欢独处，偶尔也会与同族的伙伴聊几句，但始终难掩内心的孤独。</p>\n<p>当我逐渐长大，族中的长老开始对我有所期待。他们告诉我，白绝族的未来寄托在我们的身上，必须要承担起某种责任。我明白，自己终究要离开这片宁静的村落，去面对外面的世界。外面的世界远比我们想象的要复杂，也远比我们想象的要危险。</p>\n<p>我被送到了一个训练营，接受更加系统的训练。训练内容从基本的体能训练到武技、战术、以及战略思维的培养，每一项都要求极高。我感到前所未有的压力，但与此同时，也开始明白了作为白绝族一员所肩负的责任。我们并不是普通的战士，我们承载着族群的希望，时刻准备为我们的未来而战斗。</p>\n<h2 id=\"面对世界的冷酷\"><a href=\"#面对世界的冷酷\" class=\"headerlink\" title=\"面对世界的冷酷\"></a>面对世界的冷酷</h2><p>训练并非我所期望的全然幸福，甚至可以说充满了磨难。在训练营中，有许多人都表现出色，天赋异禀，体魄强悍。而我，作为一个普通的白绝，不得不以更多的努力去弥补天赋的不足。</p>\n<p>每一次失败，我都暗自咬牙，告诉自己必须更加努力。我学会了用冷静的眼光看待世界，也学会了与自己相处。只有保持冷静，我才能在这片暗流涌动的世界中生存下去。</p>\n<p>在外面的世界，白绝族并非受人欢迎。许多族群对我们充满敌意，尤其是人类，他们总觉得我们的血脉中流淌着异族的力量，是不可控的威胁。而在其他种族眼中，我们也是潜在的危险分子。因此，我们只能隐藏在阴影中，不敢轻易暴露自己。</p>\n<p>这种被迫的孤立让我逐渐习惯了孤独与冷漠。渐渐地，我开始认同一种观点：“既然这个世界注定无法接纳我们，那就让我们活得更加强大，让我们在黑暗中，成为不可忽视的存在。”</p>\n<h2 id=\"成为“普通”的白绝\"><a href=\"#成为“普通”的白绝\" class=\"headerlink\" title=\"成为“普通”的白绝\"></a>成为“普通”的白绝</h2><p>在我经历了种种磨难和挑战之后，我渐渐明白了一个道理：我们白绝并不需要外界的认同，也不需要过多的光环。成为“普通”的白绝，或许是最适合我的选择。没有太多的荣耀，没有炙手可热的名声，没有如雷贯耳的战绩——我只是一个普通的白绝，安静地生活，冷静地战斗。</p>\n<p>世界上没有任何一个族群能真正理解我们，甚至连我们自己也常常迷茫。但至少，在这个平凡的身份中，我找到了自己存在的意义。因为，无论如何，作为白绝的血脉，我们注定是这片世界中不可忽视的力量。</p>\n<h2 id=\"结语\"><a href=\"#结语\" class=\"headerlink\" title=\"结语\"></a>结语</h2><p>在这条漫长的道路上，我曾迷茫、挣扎，也曾感到孤独和无助。然而，我逐渐学会了接纳自己，接纳这个世界的冷酷与无情。我明白，生活不是为了改变世界，而是为了在这片灰色的荒原中，找到一份属于自己的宁静与安定。</p>\n<p>或许，我只是一个普通的白绝，但我相信，在这片浩瀚的世界中，所有普通的存在都有他们独特的价值。</p>\n","cover":false,"excerpt":"","more":"<h1 id=\"一个普通白绝的自述——李权\"><a href=\"#一个普通白绝的自述——李权\" class=\"headerlink\" title=\"一个普通白绝的自述——李权\"></a>一个普通白绝的自述——李权</h1><h2 id=\"引言\"><a href=\"#引言\" class=\"headerlink\" title=\"引言\"></a>引言</h2><p>我叫李权，一个普通的白绝。作为白绝族中的一员，生活在这片灰色的荒原上，我们与世隔绝，孤独与寂寞早已成为我的常态。或许你会问，白绝是什么？白绝是恶魔之血与人类血液的混合体，是那片遥远大地上的一支族群，像雪一样苍白的肌肤，冷静的眼神，不容忽视的力量。我们不像其他的种族那样活跃，反而更加低调、隐忍。在这片世界里，我们没有许多存在的理由，甚至连自己的身份都开始变得模糊不清。</p>\n<p>但今天，我想通过这段文字，给你们讲述一下我的故事——一个平凡白绝的故事。</p>\n<h2 id=\"我的诞生\"><a href=\"#我的诞生\" class=\"headerlink\" title=\"我的诞生\"></a>我的诞生</h2><p>我出生在白绝族的一个小村落，周围的环境沉寂而冷清。每当我回忆起自己的诞生，依然能感受到那种强烈的冰冷气息。我的父母，母亲是一个普通的白绝，而我的父亲，传言中是一个伟大的战士。可是，那个高大英勇的身影却从未出现在我的生活里。母亲告诉我，父亲曾为族人浴血奋战，但在一次任务中失踪，音信全无。</p>\n<p>从小，我便带着孤独的印记长大。作为白绝，我们的血液中带有强大的力量，但也因此被世人所忌惮。我们并非像其他族群那样拥有显赫的地位，反而更多的，存在于暗影中，像幽灵一样消逝无声。身为“普通”的白绝，似乎从一开始就注定了要过这样一种不起眼的生活。</p>\n<h2 id=\"成长的路\"><a href=\"#成长的路\" class=\"headerlink\" title=\"成长的路\"></a>成长的路</h2><p>我的童年并不特别。没有壮丽的战斗，没有令人为之侧目的成就。我只是像普通人一样，努力学习，锻炼身体，尽量不惹事生非。白绝族虽然拥有强大的力量，但大多数人选择隐忍，避免过多的暴力冲突。我也因此成为了一个沉默寡言的人，喜欢独处，偶尔也会与同族的伙伴聊几句，但始终难掩内心的孤独。</p>\n<p>当我逐渐长大，族中的长老开始对我有所期待。他们告诉我，白绝族的未来寄托在我们的身上，必须要承担起某种责任。我明白，自己终究要离开这片宁静的村落，去面对外面的世界。外面的世界远比我们想象的要复杂，也远比我们想象的要危险。</p>\n<p>我被送到了一个训练营，接受更加系统的训练。训练内容从基本的体能训练到武技、战术、以及战略思维的培养，每一项都要求极高。我感到前所未有的压力，但与此同时，也开始明白了作为白绝族一员所肩负的责任。我们并不是普通的战士，我们承载着族群的希望，时刻准备为我们的未来而战斗。</p>\n<h2 id=\"面对世界的冷酷\"><a href=\"#面对世界的冷酷\" class=\"headerlink\" title=\"面对世界的冷酷\"></a>面对世界的冷酷</h2><p>训练并非我所期望的全然幸福，甚至可以说充满了磨难。在训练营中，有许多人都表现出色，天赋异禀，体魄强悍。而我，作为一个普通的白绝，不得不以更多的努力去弥补天赋的不足。</p>\n<p>每一次失败，我都暗自咬牙，告诉自己必须更加努力。我学会了用冷静的眼光看待世界，也学会了与自己相处。只有保持冷静，我才能在这片暗流涌动的世界中生存下去。</p>\n<p>在外面的世界，白绝族并非受人欢迎。许多族群对我们充满敌意，尤其是人类，他们总觉得我们的血脉中流淌着异族的力量，是不可控的威胁。而在其他种族眼中，我们也是潜在的危险分子。因此，我们只能隐藏在阴影中，不敢轻易暴露自己。</p>\n<p>这种被迫的孤立让我逐渐习惯了孤独与冷漠。渐渐地，我开始认同一种观点：“既然这个世界注定无法接纳我们，那就让我们活得更加强大，让我们在黑暗中，成为不可忽视的存在。”</p>\n<h2 id=\"成为“普通”的白绝\"><a href=\"#成为“普通”的白绝\" class=\"headerlink\" title=\"成为“普通”的白绝\"></a>成为“普通”的白绝</h2><p>在我经历了种种磨难和挑战之后，我渐渐明白了一个道理：我们白绝并不需要外界的认同，也不需要过多的光环。成为“普通”的白绝，或许是最适合我的选择。没有太多的荣耀，没有炙手可热的名声，没有如雷贯耳的战绩——我只是一个普通的白绝，安静地生活，冷静地战斗。</p>\n<p>世界上没有任何一个族群能真正理解我们，甚至连我们自己也常常迷茫。但至少，在这个平凡的身份中，我找到了自己存在的意义。因为，无论如何，作为白绝的血脉，我们注定是这片世界中不可忽视的力量。</p>\n<h2 id=\"结语\"><a href=\"#结语\" class=\"headerlink\" title=\"结语\"></a>结语</h2><p>在这条漫长的道路上，我曾迷茫、挣扎，也曾感到孤独和无助。然而，我逐渐学会了接纳自己，接纳这个世界的冷酷与无情。我明白，生活不是为了改变世界，而是为了在这片灰色的荒原中，找到一份属于自己的宁静与安定。</p>\n<p>或许，我只是一个普通的白绝，但我相信，在这片浩瀚的世界中，所有普通的存在都有他们独特的价值。</p>\n"}],"PostAsset":[],"PostCategory":[],"PostTag":[],"Tag":[]}}